{
  "IcoMoonType": "selection",
  "icons": [
    {
      "icon": {
        "paths": [
          "M810 274l-238 238 238 238-60 60-238-238-238 238-60-60 238-238-238-238 60-60 238 238 238-238z"
        ],
        "attrs": [
          {}
        ],
        "isMulticolor": false,
        "isMulticolor2": false,
        "tags": [
          "close"
        ],
        "grid": 24
      },
      "attrs": [
        {}
      ],
      "properties": {
        "order": 1,
        "id": 0,
        "name": "close",
        "prevSize": 24,
        "code": 59658
      },
      "setIdx": 0,
      "setId": 4,
      "iconIdx": 0
    },
    {
      "icon": {
        "paths": [
          "M798.133 353.867c-16.533-16.533-43.733-16.533-60.267 0l-225.867 225.867-225.867-225.867c-16.533-16.533-43.733-16.533-60.267 0s-16.533 43.733 0 60.267l256 256c8.267 8.267 19.2 12.533 30.133 12.533s21.867-4.267 30.133-12.533l256-256c16.8-16.533 16.8-43.733 0-60.267z"
        ],
        "attrs": [],
        "isMulticolor": false,
        "isMulticolor2": false,
        "tags": [
          "chevron-down"
        ],
        "grid": 24
      },
      "attrs": [],
      "properties": {
        "id": 33,
        "order": 5,
        "prevSize": 24,
        "code": 59652,
        "name": "arrow-down"
      },
      "setIdx": 2,
      "setId": 2,
      "iconIdx": 32
    },
    {
      "icon": {
        "paths": [
          "M444.267 512l225.867-225.867c16.533-16.533 16.533-43.733 0-60.267s-43.733-16.533-60.267 0l-256 256c-16.533 16.533-16.533 43.733 0 60.267l256 256c8.267 8.267 19.2 12.533 30.133 12.533s21.867-4.267 30.133-12.533c16.533-16.533 16.533-43.733 0-60.267l-225.867-225.867z"
        ],
        "attrs": [],
        "isMulticolor": false,
        "isMulticolor2": false,
        "tags": [
          "chevron-left"
        ],
        "grid": 24
      },
      "attrs": [],
      "properties": {
        "id": 34,
        "order": 4,
        "prevSize": 24,
        "code": 59653,
        "name": "arrow-left"
      },
      "setIdx": 2,
      "setId": 2,
      "iconIdx": 33
    },
    {
      "icon": {
        "paths": [
          "M670.133 481.867l-256-256c-16.533-16.533-43.733-16.533-60.267 0s-16.533 43.733 0 60.267l225.867 225.867-225.867 225.867c-16.533 16.533-16.533 43.733 0 60.267 8.267 8.267 19.2 12.533 30.133 12.533s21.867-4.267 30.133-12.533l256-256c16.8-16.533 16.8-43.733-0-60.267z"
        ],
        "attrs": [],
        "isMulticolor": false,
        "isMulticolor2": false,
        "tags": [
          "chevron-right"
        ],
        "grid": 24
      },
      "attrs": [],
      "properties": {
        "id": 35,
        "order": 3,
        "prevSize": 24,
        "code": 59654,
        "name": "arrow-right"
      },
      "setIdx": 2,
      "setId": 2,
      "iconIdx": 34
    },
    {
      "icon": {
        "paths": [
          "M798.133 609.867l-256-256c-16.533-16.533-43.733-16.533-60.267 0l-256 256c-16.533 16.533-16.533 43.733 0 60.267s43.733 16.533 60.267 0l225.867-225.867 225.867 225.867c8.267 8.267 19.2 12.533 30.133 12.533s21.867-4.267 30.133-12.533c16.8-16.533 16.8-43.733 0-60.267z"
        ],
        "attrs": [],
        "isMulticolor": false,
        "isMulticolor2": false,
        "tags": [
          "chevron-up"
        ],
        "grid": 24
      },
      "attrs": [],
      "properties": {
        "id": 36,
        "order": 2,
        "prevSize": 24,
        "code": 59655,
        "name": "arrow-up"
      },
      "setIdx": 2,
      "setId": 2,
      "iconIdx": 35
    },
    {
      "icon": {
        "paths": [
          "M810.667 469.333h-597.333c-23.467 0-42.667 19.2-42.667 42.667s19.2 42.667 42.667 42.667h597.333c23.467 0 42.667-19.2 42.667-42.667s-19.2-42.667-42.667-42.667z"
        ],
        "attrs": [],
        "isMulticolor": false,
        "isMulticolor2": false,
        "tags": [
          "minus"
        ],
        "grid": 24
      },
      "attrs": [],
      "properties": {
        "id": 93,
        "order": 6,
        "prevSize": 24,
        "code": 59656,
        "name": "minus"
      },
      "setIdx": 2,
      "setId": 2,
      "iconIdx": 92
    },
    {
      "icon": {
        "paths": [
          "M810.667 469.333h-256v-256c0-23.467-19.2-42.667-42.667-42.667s-42.667 19.2-42.667 42.667v256h-256c-23.467 0-42.667 19.2-42.667 42.667s19.2 42.667 42.667 42.667h256v256c0 23.467 19.2 42.667 42.667 42.667s42.667-19.2 42.667-42.667v-256h256c23.467 0 42.667-19.2 42.667-42.667s-19.2-42.667-42.667-42.667z"
        ],
        "attrs": [],
        "isMulticolor": false,
        "isMulticolor2": false,
        "tags": [
          "plus"
        ],
        "grid": 24
      },
      "attrs": [],
      "properties": {
        "id": 113,
        "order": 7,
        "prevSize": 24,
        "code": 59657,
        "name": "plus"
      },
      "setIdx": 2,
      "setId": 2,
      "iconIdx": 112
    },
    {
      "icon": {
        "paths": [
          "M115.2 489.928c-20.48 20.48-15.36 56.32 0 71.68l332.8 358.4c17.92 20.48 51.2 23.040 71.68 2.56 20.48-17.92 20.48-53.76 2.56-71.68l-250.88-271.36h3568.64c28.16 0 51.2-23.040 51.2-51.2s-23.040-51.2-51.2-51.2h-3566.080l250.88-296.96c17.92-20.48 17.92-53.76-2.56-71.68s-51.2-17.92-71.68 2.56l-335.36 378.88z"
        ],
        "attrs": [
          {}
        ],
        "width": 3994,
        "isMulticolor": false,
        "isMulticolor2": false,
        "grid": 32,
        "tags": [
          "arrow-long-left"
        ]
      },
      "attrs": [
        {}
      ],
      "properties": {
        "order": 10,
        "id": 5,
        "name": "arrow-long-left",
        "prevSize": 32,
        "code": 59648
      },
      "setIdx": 1,
      "setId": 3,
      "iconIdx": 2
    },
    {
      "icon": {
        "paths": [
          "M3878.4 489.928l-332.8-384c-20.48-20.48-53.76-20.48-71.68-2.56-20.48 17.92-20.48 53.76-2.56 71.68l250.88 296.96h-3568.64c-28.16 0-51.2 23.040-51.2 51.2s23.040 51.2 51.2 51.2h3566.080l-250.88 271.36c-17.92 20.48-17.92 53.76 2.56 71.68 20.48 20.48 53.76 17.92 71.68-2.56l332.8-358.4c17.92-10.24 23.040-46.080 2.56-66.56v0z"
        ],
        "attrs": [
          {}
        ],
        "width": 3994,
        "isMulticolor": false,
        "isMulticolor2": false,
        "grid": 32,
        "tags": [
          "arrow-long-right"
        ]
      },
      "attrs": [
        {}
      ],
      "properties": {
        "order": 11,
        "id": 4,
        "name": "arrow-long-right",
        "prevSize": 32,
        "code": 59649
      },
      "setIdx": 1,
      "setId": 3,
      "iconIdx": 3
    },
    {
      "icon": {
        "paths": [
          "M1211.824 453.305l-1.806-16.254c-1.806-9.030-3.612-14.448-7.224-18.060s-9.030-5.418-16.254-5.418h-52.374v88.494h77.658v19.866h-77.658v66.822c0 5.418 0 9.030 1.806 10.836 0 3.612 1.806 5.418 3.612 7.224s3.612 1.806 5.418 3.612c1.806 0 3.612 0 7.224 0h19.866v18.060h-119.196v-18.060h12.642c1.806 0 3.612 0 7.224 0 1.806 0 3.612-1.806 5.418-1.806 1.806-1.806 3.612-3.612 3.612-5.418s1.806-5.418 1.806-10.836v-158.928c0-3.612 0-7.224-1.806-10.836 0-1.806-1.806-5.418-3.612-5.418-1.806-1.806-3.612-1.806-5.418-3.612-1.806 0-3.612 0-7.224 0h-14.448v-18.060h180.6l1.806 59.598h-21.672z",
          "M1332.825 630.293c-14.448 0-25.284-1.806-36.12-5.418s-19.866-9.030-27.090-18.060c-7.224-7.224-12.642-16.254-16.254-28.896-3.612-10.836-5.418-23.478-5.418-37.926s1.806-28.896 5.418-39.732c3.612-10.836 9.030-21.672 16.254-28.896s16.254-14.448 25.284-18.060c10.836-3.612 21.672-5.418 34.314-5.418s21.672 1.806 32.508 5.418c9.030 3.612 18.060 9.030 23.478 14.448 7.224 7.224 10.836 14.448 14.448 25.284 3.612 9.030 5.418 21.672 5.418 34.314v14.448h-106.554c0 10.836 1.806 19.866 3.612 28.896 1.806 7.224 5.418 14.448 9.030 19.866s9.030 9.030 12.642 10.836c5.418 1.806 10.836 3.612 18.060 3.612 5.418 0 10.836 0 16.254-1.806s9.030-3.612 12.642-5.418c3.612-1.806 7.224-5.418 10.836-9.030s5.418-7.224 7.224-10.836c5.418 3.612 9.030 9.030 9.030 16.254 0 5.418-1.806 9.030-3.612 12.642s-7.224 7.224-12.642 10.836c-5.418 3.612-12.642 5.418-19.866 7.224-7.224 3.612-18.060 5.418-28.896 5.418zM1329.213 467.753c-9.030 0-16.254 5.418-21.672 14.448s-9.030 21.672-9.030 39.732h55.986c0-9.030 0-16.254-1.806-21.672-1.806-7.224-1.806-12.642-5.418-16.254-1.806-5.418-5.418-7.224-7.224-10.836s-5.418-5.418-10.836-5.418z",
          "M1535.097 626.681h-108.36v-18.060c3.612 0 7.224 0 10.836 0s5.418-1.806 7.224-3.612c1.806-1.806 3.612-3.612 5.418-7.224s1.806-7.224 1.806-12.642v-95.718c0-5.418 0-9.030-1.806-10.836-1.806-3.612-3.612-5.418-5.418-7.224s-5.418-1.806-7.224-3.612c-3.612 0-5.418 0-9.030 0h-1.806v-18.060h66.822l7.224 25.284h1.806c1.806-5.418 3.612-9.030 7.224-12.642 1.806-3.612 5.418-7.224 9.030-9.030s7.224-3.612 12.642-5.418c5.418-1.806 10.836-1.806 18.060-1.806 12.642 0 21.672 1.806 28.896 7.224 5.418 5.418 9.030 10.836 9.030 19.866 0 10.836-3.612 18.060-10.836 23.478s-18.060 9.030-30.702 9.030c0-3.612 0-9.030 0-12.642s-1.806-5.418-1.806-9.030c-1.806-1.806-3.612-3.612-5.418-5.418s-5.418-1.806-7.224-1.806c-3.612 0-7.224 1.806-9.030 3.612-3.612 1.806-5.418 3.612-7.224 7.224s-3.612 7.224-5.418 10.836c-1.806 3.612-1.806 7.224-3.612 10.836 0 3.612-1.806 7.224-1.806 10.836s0 7.224 0 9.030v55.986c0 5.418 0 9.030 1.806 10.836 1.806 3.612 3.612 5.418 5.418 7.224s3.612 1.806 7.224 3.612c3.612 0 5.418 0 9.030 0h7.224v19.866z",
          "M1728.339 626.681v-108.36c0-7.224 0-12.642-1.806-18.060s-1.806-10.836-3.612-14.448c-1.806-3.612-5.418-7.224-9.030-9.030s-7.224-3.612-12.642-3.612c-5.418 0-10.836 1.806-14.448 3.612-3.612 3.612-7.224 7.224-9.030 10.836-1.806 5.418-3.612 10.836-5.418 16.254s-1.806 12.642-1.806 19.866v63.21c0 5.418 0 9.030 1.806 10.836 1.806 3.612 1.806 5.418 5.418 7.224 1.806 1.806 3.612 1.806 7.224 3.612 3.612 0 5.418 0 9.030 0h3.612v18.060h-101.136v-18.060c3.612 0 7.224 0 10.836 0s5.418-1.806 7.224-3.612c1.806-1.806 3.612-3.612 5.418-7.224s1.806-7.224 1.806-12.642v-97.524c0-5.418 0-9.030-1.806-10.836-1.806-3.612-3.612-5.418-5.418-7.224s-5.418-1.806-7.224-3.612c-3.612 0-5.418 0-9.030 0h-1.806v-18.060h68.628l3.612 23.478h1.806c3.612-5.418 7.224-10.836 10.836-14.448s7.224-7.224 12.642-9.030c3.612-1.806 9.030-3.612 12.642-3.612 5.418 0 9.030 0 14.448 0 9.030 0 16.254 1.806 23.478 3.612s12.642 5.418 16.254 10.836c5.418 5.418 9.030 10.836 10.836 19.866 1.806 7.224 3.612 18.060 3.612 28.896v75.852c0 5.418 0 9.030 1.806 12.642 0 3.612 1.806 5.418 3.612 7.224s3.612 1.806 7.224 3.612c3.612 0 5.418 0 9.030 0h1.806v18.060h-70.434z",
          "M1903.52 465.947c-3.612 0-7.224 0-10.836 1.806s-5.418 3.612-7.224 7.224c-1.806 3.612-3.612 7.224-3.612 10.836s-1.806 9.030-1.806 14.448c-14.448 0-25.284-1.806-32.508-5.418s-10.836-9.030-10.836-16.254c0-5.418 1.806-10.836 5.418-14.448s9.030-7.224 14.448-10.836c5.418-1.806 12.642-5.418 21.672-5.418 9.030-1.806 16.254-1.806 25.284-1.806 10.836 0 21.672 1.806 30.702 3.612s16.254 5.418 21.672 9.030c5.418 3.612 10.836 10.836 12.642 18.060 3.612 7.224 3.612 16.254 3.612 25.284v83.076c0 3.612 0 9.030 1.806 10.836 0 3.612 1.806 5.418 3.612 7.224s3.612 3.612 5.418 3.612c1.806 0 5.418 1.806 9.030 1.806h1.806v18.060h-61.404l-7.224-21.672h-3.612c-3.612 3.612-7.224 9.030-10.836 10.836-3.612 3.612-7.224 5.418-10.836 7.224s-7.224 3.612-12.642 5.418c-3.612 1.806-9.030 1.806-16.254 1.806s-14.448-1.806-19.866-3.612c-5.418-1.806-10.836-5.418-16.254-9.030s-9.030-10.836-10.836-16.254c-1.806-7.224-3.612-14.448-3.612-23.478 0-18.060 5.418-30.702 18.060-39.732s30.702-12.642 54.18-14.448l27.090-1.806v-18.060c0-5.418 0-10.836 0-14.448 0-5.418-1.806-9.030-1.806-12.642-1.806-3.612-3.612-5.418-5.418-7.224-0-1.806-3.612-3.612-9.030-3.612zM1874.624 577.919c0 9.030 1.806 16.254 3.612 21.672 3.612 5.418 7.224 7.224 14.448 7.224 5.418 0 9.030-1.806 12.642-3.612s7.224-5.418 9.030-9.030c1.806-3.612 5.418-7.224 5.418-12.642 1.806-5.418 1.806-10.836 1.806-18.060v-25.284l-14.448 1.806c-7.224 0-12.642 1.806-16.254 3.612s-7.224 3.612-10.836 7.224c-1.806 3.612-5.418 7.224-5.418 10.836 0 5.418 0 10.836 0 16.254z",
          "M2141.912 626.681v-108.36c0-7.224 0-12.642-1.806-18.060s-1.806-10.836-3.612-14.448c-1.806-3.612-5.418-7.224-9.030-9.030s-7.224-3.612-12.642-3.612c-5.418 0-10.836 1.806-14.448 3.612-3.612 3.612-7.224 7.224-9.030 10.836-1.806 5.418-3.612 10.836-5.418 16.254s-1.806 12.642-1.806 19.866v63.21c0 5.418 0 9.030 1.806 10.836 1.806 3.612 1.806 5.418 5.418 7.224 1.806 1.806 3.612 1.806 7.224 3.612 3.612 0 5.418 0 9.030 0h1.806v18.060h-101.136v-18.060c3.612 0 7.224 0 10.836 0s5.418-1.806 7.224-3.612c1.806-1.806 3.612-3.612 5.418-7.224s1.806-7.224 1.806-12.642v-97.524c0-5.418 0-9.030-1.806-10.836-1.806-3.612-3.612-5.418-5.418-7.224s-5.418-1.806-7.224-3.612c-3.612 0-5.418 0-9.030 0h-1.806v-18.060h68.628l3.612 23.478h1.806c3.612-5.418 7.224-10.836 10.836-14.448s7.224-7.224 12.642-9.030c3.612-1.806 9.030-3.612 12.642-3.612 5.418 0 9.030 0 14.448 0 9.030 0 16.254 1.806 23.478 3.612s12.642 5.418 16.254 10.836c5.418 5.418 9.030 10.836 10.836 19.866 1.806 7.224 3.612 18.060 3.612 28.896v75.852c0 5.418 0 9.030 1.806 12.642 0 3.612 1.806 5.418 3.612 7.224s3.612 1.806 7.224 3.612c3.612 0 5.418 0 9.030 0h1.806v18.060h-68.628z",
          "M2401.975 586.949c0 5.418 0 9.030 1.806 12.642s3.612 5.418 5.418 7.224c1.806 1.806 5.418 1.806 9.030 3.612 3.612 0 7.224 0 10.836 0h1.806v18.060h-63.21l-9.030-25.284h-3.612c-1.806 3.612-5.418 9.030-9.030 12.642s-7.224 7.224-10.836 9.030c-3.612 1.806-9.030 3.612-14.448 5.418s-10.836 1.806-18.060 1.806c-10.836 0-19.866-1.806-28.896-5.418s-14.448-9.030-21.672-16.254c-5.418-7.224-10.836-16.254-12.642-28.896-3.612-10.836-3.612-25.284-3.612-39.732 0-16.254 1.806-28.896 3.612-41.538 3.612-10.836 7.224-21.672 12.642-28.896s12.642-12.642 19.866-16.254c9.030-3.612 18.060-5.418 28.896-5.418 5.418 0 10.836 0 16.254 1.806s9.030 3.612 12.642 5.418c3.612 1.806 7.224 5.418 10.836 9.030s5.418 7.224 7.224 10.836h1.806c0-5.418 0-12.642-1.806-16.254 0-1.806 0-3.612 0-7.224 0-1.806 0-5.418 0-7.224s0-3.612 0-5.418c0-1.806 0-3.612 0-3.612v-18.060c0-3.612 0-7.224-1.806-10.836s-3.612-5.418-5.418-5.418c-1.806-1.806-5.418-1.806-9.030-1.806s-7.224 0-10.836 0h-1.806v-18.060h79.464v204.078zM2318.899 605.009c7.224 0 12.642-1.806 16.254-3.612s7.224-7.224 10.836-12.642c1.806-5.418 3.612-12.642 5.418-21.672s1.806-18.060 1.806-28.896c0-10.836 0-19.866-1.806-28.896s-3.612-16.254-5.418-21.672c-1.806-5.418-5.418-10.836-10.836-12.642-3.612-3.612-9.030-3.612-16.254-3.612-5.418 0-10.836 1.806-14.448 3.612-3.612 3.612-7.224 7.224-9.030 12.642s-3.612 12.642-5.418 21.672c-1.806 9.030-1.806 18.060-1.806 28.896 0 21.672 1.806 39.732 7.224 50.568s12.642 16.254 23.478 16.254z",
          "M2535.619 630.293c-14.448 0-25.284-1.806-36.12-5.418s-19.866-9.030-27.090-18.060c-7.224-7.224-12.642-16.254-16.254-28.896-3.612-10.836-5.418-23.478-5.418-37.926s1.806-28.896 5.418-39.732c3.612-10.836 9.030-21.672 16.254-28.896s16.254-14.448 25.284-18.060c10.836-3.612 21.672-5.418 34.314-5.418s21.672 1.806 32.508 5.418c9.030 3.612 18.060 9.030 23.478 14.448 7.224 7.224 10.836 14.448 14.448 25.284 3.612 9.030 5.418 21.672 5.418 34.314v14.448h-106.554c0 10.836 1.806 19.866 3.612 28.896 1.806 7.224 5.418 14.448 9.030 19.866s9.030 9.030 12.642 10.836c5.418 1.806 10.836 3.612 18.060 3.612 5.418 0 10.836 0 16.254-1.806s9.030-3.612 12.642-5.418c3.612-1.806 7.224-5.418 10.836-9.030s5.418-7.224 7.224-10.836c5.418 3.612 9.030 9.030 9.030 16.254 0 5.418-1.806 9.030-3.612 12.642s-7.224 7.224-12.642 10.836c-5.418 3.612-12.642 5.418-19.866 7.224-7.224 3.612-18.060 5.418-28.896 5.418zM2532.007 467.753c-9.030 0-16.254 5.418-21.672 14.448s-9.030 21.672-9.030 39.732h55.986c0-9.030 0-16.254-1.806-21.672-1.806-7.224-1.806-12.642-5.418-16.254-1.806-5.418-5.418-7.224-7.224-10.836s-5.418-5.418-10.836-5.418z",
          "M2698.159 630.293c-12.642 0-21.672-1.806-30.702-3.612s-14.448-5.418-19.866-7.224c-5.418-3.612-9.030-7.224-10.836-12.642s-3.612-9.030-3.612-14.448c0-5.418 1.806-9.030 3.612-12.642s5.418-5.418 7.224-7.224c3.612-1.806 7.224-3.612 10.836-3.612s7.224 0 9.030 0c0 7.224 0 12.642 1.806 18.060s3.612 10.836 7.224 14.448c3.612 3.612 7.224 7.224 10.836 9.030s9.030 3.612 14.448 3.612c5.418 0 10.836 0 14.448-1.806s7.224-3.612 10.836-5.418c1.806-1.806 5.418-3.612 5.418-7.224 1.806-3.612 1.806-5.418 1.806-9.030s0-7.224-1.806-9.030c-1.806-3.612-3.612-5.418-7.224-7.224s-7.224-5.418-12.642-7.224c-5.418-1.806-10.836-5.418-19.866-7.224-9.030-3.612-16.254-7.224-23.478-9.030-7.224-3.612-12.642-7.224-16.254-12.642-5.418-3.612-9.030-9.030-10.836-14.448s-3.612-12.642-3.612-19.866c0-9.030 1.806-16.254 5.418-23.478s9.030-12.642 14.448-16.254c5.418-3.612 14.448-7.224 21.672-9.030 9.030-1.806 18.060-3.612 28.896-3.612s19.866 0 27.090 1.806c7.224 1.806 12.642 3.612 18.060 7.224s7.224 5.418 10.836 9.030c1.806 3.612 3.612 7.224 3.612 10.836 0 7.224-1.806 12.642-7.224 16.254s-14.448 5.418-25.284 5.418c0-10.836-1.806-19.866-7.224-25.284s-12.642-9.030-21.672-9.030c-3.612 0-7.224 0-10.836 1.806-3.612 0-5.418 1.806-9.030 3.612-1.806 1.806-3.612 3.612-5.418 5.418s-1.806 5.418-1.806 9.030c0 3.612 0 7.224 1.806 9.030 1.806 3.612 3.612 5.418 7.224 7.224s7.224 5.418 14.448 7.224c5.418 1.806 12.642 5.418 21.672 9.030 7.224 1.806 14.448 5.418 19.866 9.030s10.836 7.224 16.254 10.836c3.612 3.612 7.224 9.030 10.836 14.448 1.806 5.418 3.612 10.836 3.612 18.060 0 9.030-1.806 16.254-5.418 23.478s-7.224 12.642-14.448 18.060c-5.418 5.418-12.642 9.030-21.672 10.836-10.836 3.612-21.672 5.418-32.508 5.418z",
          "M3059.358 626.681l-21.672-23.478c-3.612 3.612-9.030 7.224-12.642 10.836-5.418 3.612-10.836 5.418-16.254 9.030-5.418 1.806-12.642 3.612-19.866 5.418s-14.448 1.806-23.478 1.806c-12.642 0-25.284-1.806-36.12-5.418s-19.866-7.224-25.284-14.448c-7.224-5.418-12.642-12.642-16.254-21.672s-5.418-18.060-5.418-28.896c0-9.030 1.806-18.060 5.418-25.284s7.224-12.642 12.642-18.060c5.418-5.418 10.836-9.030 18.060-12.642s14.448-7.224 21.672-9.030c-3.612-5.418-7.224-10.836-10.836-14.448-3.612-5.418-5.418-9.030-7.224-14.448s-3.612-9.030-3.612-14.448c-1.806-5.418-1.806-10.836-1.806-16.254 0-7.224 1.806-14.448 3.612-19.866 3.612-5.418 7.224-10.836 12.642-14.448s12.642-7.224 19.866-9.030c9.030-1.806 18.060-3.612 28.896-3.612s19.866 1.806 27.090 3.612c7.224 1.806 14.448 5.418 19.866 10.836 5.418 3.612 9.030 9.030 10.836 14.448s3.612 10.836 3.612 18.060c0 7.224-1.806 12.642-3.612 18.060s-5.418 10.836-9.030 14.448c-3.612 5.418-9.030 9.030-16.254 12.642-5.418 3.612-14.448 7.224-21.672 12.642 0 0 1.806 1.806 1.806 1.806l46.956 48.762c1.806-7.224 1.806-14.448 3.612-21.672 0-7.224 0-14.448 0-19.866v-14.448h72.24v18.060h-5.418c-3.612 0-7.224 0-10.836 0s-7.224 1.806-9.030 3.612c-3.612 1.806-5.418 3.612-7.224 7.224s-3.612 7.224-5.418 12.642c-1.806 5.418-3.612 12.642-5.418 19.866s-5.418 14.448-9.030 21.672l32.508 34.314c3.612 3.612 7.224 5.418 10.836 7.224s9.030 1.806 16.254 1.806h3.612v18.060h-68.628zM2931.132 561.665c0 7.224 1.806 12.642 3.612 18.060s5.418 10.836 9.030 14.448c3.612 3.612 9.030 7.224 14.448 9.030s10.836 3.612 18.060 3.612c10.836 0 21.672-1.806 28.896-5.418s14.448-9.030 19.866-14.448l-70.434-74.046c-5.418 3.612-9.030 7.224-10.836 10.836-3.612 3.612-5.418 7.224-7.224 10.836s-3.612 9.030-3.612 12.642c-1.806 5.418-1.806 9.030-1.806 14.448zM3001.566 437.051c0-3.612 0-7.224-1.806-10.836 0-3.612-1.806-5.418-3.612-9.030-1.806-1.806-3.612-3.612-7.224-5.418s-7.224-1.806-10.836-1.806c-3.612 0-7.224 0-9.030 1.806-3.612 1.806-5.418 3.612-7.224 5.418s-3.612 5.418-3.612 9.030c0 3.612-1.806 7.224-1.806 10.836s0 7.224 1.806 10.836c0 3.612 1.806 7.224 3.612 10.836s3.612 7.224 5.418 10.836c1.806 3.612 5.418 7.224 9.030 10.836 5.418-1.806 9.030-5.418 10.836-9.030 3.612-3.612 5.418-5.418 7.224-9.030s3.612-7.224 3.612-10.836c3.612-5.418 3.612-10.836 3.612-14.448z",
          "M3301.362 630.293c-14.448 0-27.090-1.806-36.12-3.612-9.030-3.612-18.060-7.224-23.478-10.836s-10.836-9.030-12.642-14.448c-1.806-5.418-3.612-10.836-3.612-16.254s1.806-10.836 3.612-14.448c1.806-3.612 5.418-7.224 9.030-9.030s7.224-3.612 12.642-5.418c3.612-1.806 9.030-1.806 14.448-1.806 0 9.030 1.806 18.060 3.612 25.284s5.418 12.642 9.030 18.060c3.612 5.418 9.030 9.030 14.448 10.836s10.836 3.612 18.060 3.612c7.224 0 12.642-1.806 16.254-1.806 5.418-1.806 9.030-3.612 12.642-7.224s5.418-7.224 7.224-10.836c1.806-3.612 1.806-9.030 1.806-14.448s-1.806-10.836-3.612-14.448c-1.806-3.612-5.418-9.030-10.836-12.642-3.612-3.612-10.836-7.224-16.254-10.836-7.224-3.612-14.448-7.224-23.478-10.836-10.836-5.418-21.672-9.030-28.896-14.448s-14.448-10.836-18.060-16.254c-5.418-5.418-9.030-12.642-10.836-18.060-1.806-7.224-3.612-14.448-3.612-21.672 0-10.836 1.806-19.866 5.418-27.090s9.030-14.448 16.254-19.866c7.224-5.418 16.254-10.836 25.284-12.642 9.030-3.612 19.866-5.418 32.508-5.418s21.672 1.806 30.702 3.612c9.030 1.806 16.254 5.418 21.672 7.224 5.418 3.612 9.030 7.224 12.642 12.642s3.612 9.030 3.612 14.448c0 3.612 0 7.224-1.806 10.836s-3.612 5.418-7.224 9.030c-3.612 1.806-7.224 3.612-12.642 5.418s-10.836 1.806-18.060 1.806c0-5.418 0-9.030-1.806-14.448s-3.612-10.836-5.418-14.448c-3.612-5.418-7.224-9.030-10.836-10.836-3.612-3.612-9.030-3.612-16.254-3.612-3.612 0-9.030 0-12.642 1.806s-7.224 3.612-10.836 5.418c-3.612 1.806-5.418 5.418-7.224 9.030s-1.806 9.030-1.806 12.642c0 5.418 0 9.030 1.806 12.642s3.612 7.224 9.030 12.642c3.612 3.612 9.030 7.224 16.254 10.836s16.254 7.224 27.090 12.642c10.836 5.418 19.866 9.030 28.896 14.448 7.224 5.418 14.448 9.030 19.866 16.254 5.418 5.418 9.030 10.836 10.836 18.060s3.612 14.448 3.612 21.672c0 10.836-1.806 19.866-5.418 28.896s-10.836 16.254-18.060 23.478c-7.224 5.418-16.254 10.836-28.896 14.448-12.642-1.806-25.284 0-37.926 0z",
          "M3415.139 608.621c1.806 0 5.418 0 7.224 0 3.612 0 5.418-1.806 7.224-3.612s3.612-3.612 5.418-7.224c1.806-3.612 1.806-7.224 1.806-10.836v-99.33c0-3.612 0-7.224-1.806-10.836-1.806-1.806-3.612-5.418-5.418-5.418-1.806-1.806-5.418-1.806-7.224-3.612-3.612 0-5.418 0-7.224 0h-3.612v-18.060h77.658v137.256c0 5.418 0 9.030 1.806 10.836 1.806 3.612 3.612 5.418 5.418 7.224s5.418 1.806 7.224 3.612c3.612 0 5.418 0 7.224 0h3.612v18.060h-104.748v-18.060h5.418zM3435.005 397.319c0-3.612 0-7.224 1.806-10.836s3.612-5.418 5.418-7.224c1.806-1.806 5.418-3.612 9.030-3.612s7.224-1.806 10.836-1.806c3.612 0 7.224 0 10.836 1.806s7.224 1.806 9.030 3.612c1.806 1.806 5.418 3.612 5.418 7.224 1.806 3.612 1.806 7.224 1.806 10.836s0 7.224-1.806 10.836c-1.806 3.612-3.612 5.418-5.418 7.224s-5.418 3.612-9.030 3.612c-3.612 1.806-7.224 1.806-10.836 1.806s-7.224 0-10.836-1.806c-3.612-1.806-5.418-1.806-9.030-3.612-1.806-1.806-3.612-3.612-5.418-7.224-1.806-1.806-1.806-5.418-1.806-10.836z",
          "M3530.723 608.621c1.806 0 5.418 0 7.224 0 3.612 0 5.418-1.806 7.224-3.612s3.612-3.612 5.418-7.224c1.806-3.612 1.806-7.224 1.806-10.836v-171.57c0-3.612 0-7.224-1.806-10.836-1.806-1.806-3.612-5.418-5.418-5.418-1.806-1.806-5.418-1.806-7.224-3.612-3.612 0-5.418 0-7.224 0h-3.612v-18.060h77.658v209.496c0 5.418 0 9.030 1.806 10.836 1.806 3.612 3.612 5.418 5.418 7.224s5.418 1.806 7.224 3.612c3.612 0 5.418 0 7.224 0h3.612v18.060h-104.748v-18.060h5.418z",
          "M3834.131 467.753h-5.418c-1.806 0-3.612 0-5.418 0s-3.612 1.806-5.418 3.612c-1.806 1.806-3.612 3.612-5.418 7.224s-3.612 7.224-5.418 12.642l-46.956 133.644h-43.344l-54.18-142.674c-1.806-3.612-1.806-5.418-3.612-7.224s-3.612-3.612-5.418-5.418c-1.806-1.806-3.612-1.806-7.224-1.806s-5.418 0-9.030 0v-18.060h101.136v18.060h-14.448c-3.612 0-5.418 0-7.224 1.806s-3.612 3.612-3.612 7.224c0 1.806 0 5.418 1.806 7.224 0 1.806 1.806 5.418 1.806 7.224l21.672 61.404c1.806 7.224 5.418 14.448 7.224 21.672s3.612 12.642 5.418 18.060c0-1.806 1.806-5.418 1.806-9.030 1.806-3.612 1.806-7.224 3.612-10.836s1.806-5.418 1.806-9.030c0-1.806 1.806-3.612 1.806-5.418l21.672-65.016c1.806-3.612 1.806-5.418 1.806-9.030s1.806-5.418 1.806-9.030c0-3.612-1.806-5.418-3.612-7.224s-5.418-1.806-9.030-1.806h-9.030v-18.060h72.24v19.866z",
          "M3929.848 465.947c-3.612 0-7.224 0-10.836 1.806s-5.418 3.612-7.224 7.224c-1.806 3.612-3.612 7.224-3.612 10.836s-1.806 9.030-1.806 14.448c-14.448 0-25.284-1.806-32.508-5.418s-10.836-9.030-10.836-16.254c0-5.418 1.806-10.836 5.418-14.448s9.030-7.224 14.448-10.836c5.418-1.806 12.642-5.418 21.672-5.418 9.030-1.806 16.254-1.806 25.284-1.806 10.836 0 21.672 1.806 30.702 3.612s16.254 5.418 21.672 9.030c5.418 3.612 10.836 10.836 12.642 18.060 3.612 7.224 3.612 16.254 3.612 25.284v83.076c0 3.612 0 9.030 1.806 10.836 0 3.612 1.806 5.418 3.612 7.224s3.612 3.612 5.418 3.612 5.418 1.806 9.030 1.806h1.806v18.060h-61.404l-7.224-21.672h-3.612c-3.612 3.612-7.224 9.030-10.836 10.836-3.612 3.612-7.224 5.418-10.836 7.224s-7.224 3.612-12.642 5.418c-5.418 1.806-9.030 1.806-16.254 1.806s-14.448-1.806-19.866-3.612c-5.418-1.806-10.836-5.418-16.254-9.030s-9.030-10.836-10.836-16.254c-1.806-7.224-3.612-14.448-3.612-23.478 0-18.060 5.418-30.702 18.060-39.732s30.702-12.642 54.18-14.448l27.090-1.806v-18.060c0-5.418 0-10.836 0-14.448 0-5.418-1.806-9.030-3.612-12.642s-3.612-5.418-5.418-7.224c0-1.806-3.612-3.612-7.224-3.612zM3900.952 577.919c0 9.030 1.806 16.254 3.612 21.672 3.612 5.418 7.224 7.224 14.448 7.224 5.418 0 9.030-1.806 12.642-3.612s7.224-5.418 9.030-9.030c1.806-3.612 5.418-7.224 5.418-12.642 1.806-5.418 1.806-10.836 1.806-18.060v-25.284l-14.448 1.806c-7.224 0-12.642 1.806-16.254 3.612s-7.224 3.612-10.836 7.224c-1.806 3.612-5.418 7.224-5.418 10.836 0 5.418 0 10.836 0 16.254z",
          "M1072.762 791.026l-3.612 9.030c0 0 0 1.806 0 3.612s0 1.806 0 3.612c0 0 0 1.806 0 1.806s0 1.806 1.806 1.806c0 0 1.806 0 1.806 0s1.806 0 1.806 0h3.612v5.418h-27.090v-5.418h1.806c0 0 1.806 0 1.806 0s1.806 0 1.806-1.806c0 0 1.806-1.806 1.806-1.806 0-1.806 1.806-1.806 1.806-3.612l21.672-59.598h14.448l21.672 59.598c0 1.806 1.806 1.806 1.806 3.612s1.806 1.806 1.806 1.806c0 0 1.806 1.806 1.806 1.806s1.806 0 1.806 0h1.806v5.418h-34.314v-5.418h3.612c0 0 1.806 0 1.806 0s1.806 0 1.806 0c0 0 0 0 1.806-1.806 0 0 0-1.806 0-1.806s0-1.806 0-1.806c0 0 0-1.806 0-1.806l-3.612-10.836h-25.284zM1090.822 769.354c0-1.806 0-1.806-1.806-3.612 0-1.806 0-1.806-1.806-3.612 0-1.806 0-1.806-1.806-3.612 0-1.806 0-1.806-1.806-3.612 0 1.806 0 1.806-1.806 3.612 0 1.806 0 1.806-1.806 3.612 0 1.806-1.806 1.806-1.806 3.612s0 1.806-1.806 3.612l-5.418 18.060h19.866l0-18.060z",
          "M1226.272 778.384c0 5.418 0 10.836-1.806 16.254s-3.612 9.030-7.224 12.642c-3.612 3.612-7.224 5.418-10.836 7.224s-9.030 3.612-16.254 3.612h-34.314v-5.418h3.612c0 0 1.806 0 1.806 0s1.806 0 1.806-1.806c0 0 0-1.806 1.806-1.806 0 0 0-1.806 0-3.612v-48.762c0-1.806 0-1.806 0-3.612 0 0 0-1.806-1.806-1.806 0 0-1.806 0-1.806 0s-1.806 0-1.806 0h-3.612v-5.418h34.314c5.418 0 10.836 0 14.448 1.806s9.030 3.612 10.836 7.224c3.612 3.612 5.418 7.224 7.224 10.836 3.612 1.806 3.612 7.224 3.612 12.642zM1210.018 778.384c0-9.030-1.806-16.254-5.418-21.672s-9.030-7.224-16.254-7.224h-5.418v61.404h5.418c3.612 0 7.224 0 9.030-1.806s5.418-3.612 7.224-5.418c1.806-3.612 3.612-5.418 3.612-9.030 1.806-7.224 1.806-10.836 1.806-16.254z",
          "M1327.407 747.683h-5.418c0 0 0 0-1.806 0 0 0 0 0-1.806 1.806 0 0 0 1.806-1.806 1.806 0 1.806 0 1.806-1.806 3.612l-21.672 59.598h-10.836l-18.060-61.404c0-1.806 0-1.806-1.806-1.806 0 0-1.806-1.806-1.806-1.806s-1.806 0-1.806 0c0 0-1.806 0-1.806 0h-1.806v-5.418h34.314v5.418h-5.418c0 0-1.806 0-1.806 0s0 0-1.806 0c0 0 0 0-1.806 1.806 0 0 0 1.806 0 1.806s0 1.806 0 1.806c0 0 0 1.806 0 1.806l10.836 30.702c0 0 0 1.806 0 1.806 0 1.806 0 1.806 0 3.612s0 1.806 0 3.612 0 1.806 0 3.612c0 0 0-1.806 0-1.806 0-1.806 0-1.806 0-3.612s0-1.806 1.806-3.612c0-1.806 0-1.806 1.806-3.612l10.836-30.702c0 0 0 0 0-1.806 0 0 0 0 0-1.806 0 0 0-1.806 0-1.806s0 0 0-1.806 0-1.806-1.806-1.806c0 0-1.806 0-3.612 0h1.806v-5.418h27.090v5.418z",
          "M1426.737 780.19c0 5.418 0 10.836-1.806 16.254s-3.612 9.030-7.224 12.642c-3.612 3.612-7.224 5.418-10.836 7.224s-9.030 3.612-14.448 3.612c-5.418 0-10.836-1.806-14.448-3.612s-7.224-3.612-10.836-7.224c-3.612-3.612-5.418-7.224-7.224-12.642s-1.806-9.030-1.806-16.254c0-5.418 0-10.836 1.806-16.254s3.612-9.030 7.224-12.642c3.612-3.612 7.224-5.418 10.836-7.224s9.030-1.806 14.448-1.806c5.418 0 10.836 0 14.448 1.806s7.224 3.612 10.836 7.224c3.612 3.612 5.418 7.224 7.224 12.642 0 3.612 1.806 9.030 1.806 16.254zM1374.363 780.19c0 5.418 0 9.030 1.806 12.642 0 3.612 1.806 7.224 3.612 9.030s3.612 5.418 5.418 5.418c1.806 1.806 5.418 1.806 7.224 1.806 3.612 0 5.418 0 7.224-1.806s3.612-3.612 5.418-5.418c1.806-1.806 1.806-5.418 3.612-9.030 0-3.612 0-9.030 0-12.642s0-9.030 0-12.642c0-3.612-1.806-7.224-3.612-9.030s-3.612-5.418-5.418-5.418c-1.806-1.806-5.418-1.806-7.224-1.806-3.612 0-5.418 0-9.030 1.806-1.806 1.806-3.612 3.612-5.418 5.418s-1.806 5.418-3.612 9.030c0 1.806 0 7.224 0 12.642z",
          "M1500.783 816.31c-7.224 0-12.642-1.806-16.254-1.806-5.418-1.806-9.030-3.612-12.642-7.224s-5.418-7.224-7.224-12.642c-1.806-5.418-1.806-9.030-1.806-16.254 0-5.418 0-10.836 1.806-14.448 1.806-5.418 3.612-9.030 7.224-12.642s7.224-5.418 12.642-7.224c5.418-1.806 10.836-3.612 16.254-3.612 3.612 0 7.224 0 10.836 1.806 3.612 0 5.418 1.806 7.224 1.806 1.806 1.806 3.612 1.806 5.418 3.612s1.806 3.612 1.806 5.418c0 1.806 0 1.806 0 3.612s-1.806 1.806-1.806 3.612c-1.806 0-1.806 1.806-3.612 1.806s-3.612 0-5.418 0c0-1.806 0-3.612 0-5.418s-1.806-3.612-1.806-3.612-1.806-1.806-3.612-3.612c-1.806 0-3.612-1.806-5.418-1.806-3.612 0-7.224 0-9.030 1.806s-5.418 3.612-7.224 5.418c-1.806 1.806-3.612 5.418-3.612 9.030s-1.806 9.030-1.806 12.642c0 5.418 0 9.030 1.806 12.642 0 3.612 1.806 7.224 3.612 9.030s3.612 5.418 7.224 5.418c3.612 1.806 5.418 1.806 10.836 1.806 1.806 0 1.806 0 3.612 0s1.806 0 3.612 0v-10.836c0-3.612 0-5.418-1.806-5.418-1.806-1.806-3.612-1.806-5.418-1.806h-1.806v-5.418h32.508v5.418h-1.806c-1.806 0-1.806 0-1.806 0s-1.806 0-1.806 1.806c0 0 0 1.806-1.806 1.806 0 1.806 0 1.806 0 3.612v16.254c-3.612 1.806-7.224 3.612-12.642 3.612-7.224 1.806-10.836 1.806-16.254 1.806z",
          "M1583.859 791.026l-3.612 9.030c0 0 0 1.806 0 3.612s0 1.806 0 3.612c0 0 0 1.806 0 1.806s0 1.806 1.806 1.806c0 0 0 0 1.806 0 0 0 1.806 0 1.806 0h3.612v5.418h-27.090v-5.418h1.806c0 0 1.806 0 1.806 0s1.806 0 1.806-1.806c0 0 1.806-1.806 1.806-1.806 0-1.806 1.806-1.806 1.806-3.612l21.672-59.598h14.448l21.672 59.598c0 1.806 1.806 1.806 1.806 3.612s1.806 1.806 1.806 1.806c0 0 1.806 1.806 1.806 1.806s1.806 0 1.806 0h1.806v5.418h-34.314v-5.418h3.612c0 0 1.806 0 1.806 0s1.806 0 1.806 0c0 0 0 0 1.806-1.806 0 0 0-1.806 0-1.806s0-1.806 0-1.806c0 0 0-1.806 0-1.806l-3.612-10.836h-25.284zM1601.919 769.354c0-1.806 0-1.806-1.806-3.612 0-1.806 0-1.806-1.806-3.612 0-1.806 0-1.806-1.806-3.612 0-1.806 0-1.806-1.806-3.612 0 1.806 0 1.806-1.806 3.612 0 1.806 0 1.806-1.806 3.612 0 1.806 0 1.806-1.806 3.612 0 1.806 0 1.806-1.806 3.612l-5.418 18.060h25.284l-5.418-18.060z",
          "M1737.369 778.384c0 5.418 0 10.836-1.806 16.254s-3.612 9.030-7.224 12.642c-3.612 3.612-7.224 5.418-10.836 7.224s-9.030 3.612-16.254 3.612h-34.314v-5.418h3.612c0 0 1.806 0 1.806 0s1.806 0 1.806-1.806c0 0 0-1.806 1.806-1.806 0 0 0-1.806 0-3.612v-48.762c0-1.806 0-1.806 0-3.612 0 0 0-1.806-1.806-1.806 0 0-1.806 0-1.806 0s-1.806 0-1.806 0h-3.612v-5.418h34.314c5.418 0 10.836 0 14.448 1.806s9.030 3.612 10.836 7.224c3.612 3.612 5.418 7.224 7.224 10.836 3.612 1.806 3.612 7.224 3.612 12.642zM1719.309 778.384c0-9.030-1.806-16.254-5.418-21.672s-9.030-7.224-16.254-7.224h-5.418v61.404h5.418c3.612 0 7.224 0 9.030-1.806s5.418-3.612 7.224-5.418c1.806-3.612 3.612-5.418 3.612-9.030 1.806-7.224 1.806-10.836 1.806-16.254z",
          "M1843.922 780.19c0 5.418 0 10.836-1.806 16.254s-3.612 9.030-7.224 12.642c-3.612 3.612-7.224 5.418-10.836 7.224s-9.030 3.612-14.448 3.612c-5.418 0-10.836-1.806-14.448-3.612s-7.224-3.612-10.836-7.224c-3.612-3.612-5.418-7.224-7.224-12.642s-1.806-9.030-1.806-16.254c0-5.418 0-10.836 1.806-16.254s3.612-9.030 7.224-12.642c3.612-3.612 7.224-5.418 10.836-7.224s9.030-1.806 14.448-1.806c5.418 0 10.836 0 14.448 1.806s7.224 3.612 10.836 7.224c3.612 3.612 5.418 7.224 7.224 12.642 0 3.612 1.806 9.030 1.806 16.254zM1791.549 780.19c0 5.418 0 9.030 1.806 12.642 0 3.612 1.806 7.224 3.612 9.030s3.612 5.418 5.418 5.418c1.806 1.806 5.418 1.806 7.224 1.806 3.612 0 5.418 0 7.224-1.806s3.612-3.612 5.418-5.418c1.806-1.806 1.806-5.418 3.612-9.030 0-3.612 0-9.030 0-12.642s0-9.030 0-12.642c0-3.612-1.806-7.224-3.612-9.030s-3.612-5.418-5.418-5.418c-1.806-1.806-5.418-1.806-7.224-1.806-3.612 0-5.418 0-9.030 1.806-1.806 1.806-3.612 3.612-5.418 5.418s-1.806 5.418-3.612 9.030c0 1.806 0 7.224 0 12.642z",
          "M1901.714 816.31c-5.418 0-9.030 0-10.836-1.806-3.612 0-5.418-1.806-7.224-3.612s-3.612-3.612-3.612-5.418c0-1.806-1.806-3.612-1.806-5.418s0-3.612 1.806-3.612c0-1.806 1.806-1.806 1.806-3.612 1.806 0 1.806-1.806 3.612-1.806s3.612 0 3.612 0c0 3.612 0 5.418 1.806 7.224 0 1.806 1.806 3.612 3.612 5.418s1.806 1.806 3.612 3.612c1.806 0 3.612 1.806 5.418 1.806s3.612 0 5.418 0c1.806 0 3.612-1.806 3.612-1.806 1.806-1.806 1.806-1.806 1.806-3.612s0-3.612 0-3.612 0-3.612-1.806-5.418c0-1.806-1.806-1.806-3.612-3.612s-3.612-1.806-5.418-3.612c-1.806-1.806-5.418-1.806-7.224-3.612-3.612-1.806-7.224-3.612-9.030-5.418s-3.612-3.612-5.418-5.418c-1.806-1.806-1.806-3.612-3.612-5.418 0-1.806-1.806-3.612-1.806-7.224s0-5.418 1.806-9.030c1.806-1.806 3.612-5.418 5.418-7.224s5.418-3.612 7.224-3.612c3.612-1.806 7.224-1.806 10.836-1.806s7.224 0 9.030 1.806c3.612 0 5.418 1.806 7.224 1.806 1.806 1.806 3.612 1.806 3.612 3.612s1.806 3.612 1.806 5.418c0 1.806 0 1.806 0 3.612s-1.806 1.806-1.806 1.806-1.806 1.806-3.612 1.806c-1.806 0-3.612 0-5.418 0 0-1.806 0-3.612 0-5.418s-1.806-3.612-1.806-5.418c0-1.806-1.806-1.806-3.612-3.612s-3.612-1.806-5.418-1.806c-1.806 0-1.806 0-3.612 0s-1.806 1.806-3.612 1.806c-1.806 0-1.806 1.806-1.806 3.612s0 1.806 0 3.612 0 3.612 0 3.612 1.806 1.806 1.806 3.612 3.612 1.806 5.418 3.612c1.806 1.806 5.418 1.806 9.030 3.612s7.224 3.612 9.030 3.612c1.806 1.806 3.612 3.612 5.418 5.418s3.612 3.612 3.612 5.418c0 1.806 1.806 3.612 1.806 7.224s0 5.418-1.806 9.030c-1.806 3.612-3.612 5.418-5.418 7.224s-5.418 3.612-9.030 5.418c-1.806 7.224-7.224 7.224-10.836 7.224z",
          "M2035.358 791.026l-3.612 9.030c0 0 0 1.806 0 3.612s0 1.806 0 3.612c0 0 0 1.806 0 1.806s0 1.806 1.806 1.806c0 0 0 0 1.806 0 0 0 1.806 0 1.806 0h3.612v5.418h-27.090v-5.418h1.806c0 0 1.806 0 1.806 0s1.806 0 1.806-1.806c0 0 1.806-1.806 1.806-1.806 0-1.806 1.806-1.806 1.806-3.612l21.672-59.598h14.448l21.672 59.598c0 1.806 1.806 1.806 1.806 3.612s1.806 1.806 1.806 1.806c0 0 1.806 1.806 1.806 1.806s1.806 0 1.806 0h1.806v5.418h-34.314v-5.418h3.612c0 0 1.806 0 1.806 0s1.806 0 1.806 0c0 0 0 0 1.806-1.806 0 0 0-1.806 0-1.806s0-1.806 0-1.806c0 0 0-1.806 0-1.806l-3.612-10.836h-25.284zM2051.612 769.354c0-1.806 0-1.806-1.806-3.612 0-1.806 0-1.806-1.806-3.612 0-1.806 0-1.806-1.806-3.612 0-1.806 0-1.806-1.806-3.612 0 1.806 0 1.806-1.806 3.612 0 1.806 0 1.806-1.806 3.612 0 1.806 0 1.806-1.806 3.612 0 1.806 0 1.806-1.806 3.612l-5.418 18.060h19.866l-0-18.060z",
          "M2141.912 816.31c-5.418 0-9.030 0-10.836-1.806-3.612 0-5.418-1.806-7.224-3.612s-3.612-3.612-3.612-5.418c0-1.806-1.806-3.612-1.806-5.418s0-3.612 1.806-3.612c0-1.806 1.806-1.806 1.806-3.612 1.806 0 1.806-1.806 3.612-1.806s3.612 0 3.612 0c0 3.612 0 5.418 1.806 7.224 0 1.806 1.806 3.612 3.612 5.418s1.806 1.806 3.612 3.612c1.806 0 3.612 1.806 5.418 1.806s3.612 0 5.418 0c1.806 0 3.612-1.806 3.612-1.806 1.806-1.806 1.806-1.806 1.806-3.612s0-3.612 0-3.612 0-3.612-1.806-5.418c0-1.806-1.806-1.806-3.612-3.612s-3.612-1.806-5.418-3.612c-1.806-1.806-5.418-1.806-7.224-3.612-3.612-1.806-7.224-3.612-9.030-5.418s-3.612-3.612-5.418-5.418c-1.806-1.806-1.806-3.612-3.612-5.418 0-1.806-1.806-3.612-1.806-7.224s0-5.418 1.806-9.030c1.806-1.806 3.612-5.418 5.418-7.224s5.418-3.612 7.224-3.612c3.612-1.806 7.224-1.806 10.836-1.806s7.224 0 9.030 1.806c3.612 0 5.418 1.806 7.224 1.806 1.806 1.806 3.612 1.806 3.612 3.612s1.806 3.612 1.806 5.418c0 1.806 0 1.806 0 3.612s-1.806 1.806-1.806 1.806-1.806 1.806-3.612 1.806c-1.806 0-3.612 0-5.418 0 0-1.806 0-3.612 0-5.418s-1.806-3.612-1.806-5.418c0-1.806-1.806-1.806-3.612-3.612s-3.612-1.806-5.418-1.806c-1.806 0-1.806 0-3.612 0s-1.806 1.806-3.612 1.806c-1.806 0-1.806 1.806-1.806 3.612s0 1.806 0 3.612 0 3.612 0 3.612 1.806 1.806 1.806 3.612 3.612 1.806 5.418 3.612c1.806 1.806 5.418 1.806 9.030 3.612s7.224 3.612 9.030 3.612c1.806 1.806 3.612 3.612 5.418 5.418s3.612 3.612 3.612 5.418c0 1.806 1.806 3.612 1.806 7.224s0 5.418-1.806 9.030c-1.806 3.612-3.612 5.418-5.418 7.224s-5.418 3.612-9.030 5.418c-1.806 7.224-5.418 7.224-10.836 7.224z",
          "M2228.6 816.31c-5.418 0-9.030 0-10.836-1.806-3.612 0-5.418-1.806-7.224-3.612s-3.612-3.612-3.612-5.418c0-1.806-1.806-3.612-1.806-5.418s0-3.612 1.806-3.612c0-1.806 1.806-1.806 1.806-3.612 1.806 0 1.806-1.806 3.612-1.806s3.612 0 3.612 0c0 3.612 0 5.418 1.806 7.224 0 1.806 1.806 3.612 3.612 5.418s1.806 1.806 3.612 3.612c1.806 0 3.612 1.806 5.418 1.806s3.612 0 5.418 0c1.806 0 3.612-1.806 3.612-1.806 1.806-1.806 1.806-1.806 1.806-3.612s0-3.612 0-3.612 0-3.612-1.806-5.418c0-1.806-1.806-1.806-3.612-3.612s-3.612-1.806-5.418-3.612c-1.806-1.806-5.418-1.806-7.224-3.612-3.612-1.806-7.224-3.612-9.030-5.418s-3.612-3.612-5.418-5.418c-1.806-1.806-1.806-3.612-3.612-5.418 0-1.806-1.806-3.612-1.806-7.224s0-5.418 1.806-9.030c1.806-1.806 3.612-5.418 5.418-7.224s5.418-3.612 7.224-3.612c3.612-1.806 7.224-1.806 10.836-1.806s7.224 0 9.030 1.806c3.612 0 5.418 1.806 7.224 1.806 1.806 1.806 3.612 1.806 3.612 3.612s1.806 3.612 1.806 5.418c0 1.806 0 1.806 0 3.612s-1.806 1.806-1.806 1.806-1.806 1.806-3.612 1.806c-1.806 0-3.612 0-5.418 0 0-1.806 0-3.612 0-5.418s-1.806-3.612-1.806-5.418c0-1.806-1.806-1.806-3.612-3.612s-3.612-1.806-5.418-1.806c-1.806 0-1.806 0-3.612 0s-1.806 1.806-3.612 1.806c-1.806 0-1.806 1.806-1.806 3.612s0 1.806 0 3.612 0 3.612 0 3.612 1.806 1.806 1.806 3.612 3.612 1.806 5.418 3.612c1.806 1.806 5.418 1.806 9.030 3.612s7.224 3.612 9.030 3.612c1.806 1.806 3.612 3.612 5.418 5.418s3.612 3.612 3.612 5.418c0 1.806 1.806 3.612 1.806 7.224s0 5.418-1.806 9.030c-1.806 3.612-3.612 5.418-5.418 7.224s-5.418 3.612-9.030 5.418c-3.612 7.224-7.224 7.224-10.836 7.224z",
          "M2362.243 780.19c0 5.418 0 10.836-1.806 16.254s-3.612 9.030-7.224 12.642c-3.612 3.612-7.224 5.418-10.836 7.224s-9.030 3.612-14.448 3.612c-5.418 0-10.836-1.806-14.448-3.612s-7.224-3.612-10.836-7.224c-3.612-3.612-5.418-7.224-7.224-12.642s-1.806-9.030-1.806-16.254c0-5.418 0-10.836 1.806-16.254s3.612-9.030 7.224-12.642c3.612-3.612 7.224-5.418 10.836-7.224s9.030-1.806 14.448-1.806c5.418 0 10.836 0 14.448 1.806s7.224 3.612 10.836 7.224c3.612 3.612 5.418 7.224 7.224 12.642-0 3.612 1.806 9.030 1.806 16.254zM2309.869 780.19c0 5.418 0 9.030 1.806 12.642 0 3.612 1.806 7.224 3.612 9.030s3.612 5.418 5.418 5.418c1.806 1.806 5.418 1.806 7.224 1.806 3.612 0 5.418 0 7.224-1.806s3.612-3.612 5.418-5.418c1.806-1.806 1.806-5.418 3.612-9.030 0-3.612 1.806-9.030 1.806-12.642s0-9.030-1.806-12.642c0-3.612-1.806-7.224-3.612-9.030s-3.612-5.418-5.418-5.418c-1.806-1.806-5.418-1.806-7.224-1.806-3.612 0-5.418 0-9.030 1.806-1.806 1.806-3.612 3.612-5.418 5.418s-1.806 5.418-3.612 9.030c0 1.806 0 7.224 0 12.642z",
          "M2436.289 809.086c1.806 0 5.418 0 7.224 0s3.612-1.806 5.418-1.806c1.806-1.806 3.612-1.806 3.612-3.612 1.806-1.806 1.806-1.806 3.612-3.612 0 0 1.806 1.806 1.806 1.806s0 1.806 0 1.806 0 3.612-1.806 3.612c0 1.806-1.806 3.612-3.612 3.612-1.806 1.806-3.612 1.806-7.224 3.612-3.612 0-7.224 1.806-10.836 1.806-5.418 0-10.836 0-16.254-1.806-3.612-1.806-7.224-3.612-10.836-7.224s-5.418-7.224-7.224-12.642c-1.806-5.418-1.806-9.030-1.806-16.254 0-5.418 0-10.836 1.806-14.448 1.806-5.418 3.612-9.030 7.224-12.642s7.224-5.418 10.836-7.224c3.612-1.806 9.030-3.612 14.448-3.612 3.612 0 7.224 0 10.836 1.806 3.612 0 5.418 1.806 7.224 1.806 1.806 1.806 3.612 1.806 3.612 3.612 1.806 1.806 1.806 3.612 1.806 5.418s0 1.806 0 3.612-1.806 1.806-1.806 3.612c-1.806 0-1.806 1.806-3.612 1.806s-3.612 0-5.418 0c0-1.806 0-3.612 0-5.418s-1.806-3.612-1.806-5.418c0-1.806-1.806-1.806-3.612-3.612-1.806 0-3.612-1.806-5.418-1.806-3.612 0-5.418 0-9.030 1.806-1.806 1.806-3.612 3.612-5.418 5.418s-1.806 5.418-3.612 9.030c0 3.612 0 9.030 0 12.642 0 5.418 0 9.030 1.806 12.642 0 3.612 1.806 7.224 3.612 9.030s3.612 3.612 7.224 5.418c0 5.418 3.612 7.224 7.224 7.224z",
          "M2488.663 816.31v-5.418h3.612c0 0 1.806 0 1.806 0s1.806 0 1.806 0c0 0 0-1.806 1.806-1.806 0 0 0-1.806 0-3.612v-48.762c0-1.806 0-1.806 0-3.612 0 0 0-1.806-1.806-1.806 0 0-1.806 0-1.806-1.806 0 0-1.806 0-1.806 0h-3.612v-5.418h36.12v5.418h-3.612c0 0-1.806 0-1.806 0s-1.806 0-1.806 1.806c0 0 0 1.806-1.806 1.806 0 0 0 1.806 0 3.612v48.762c0 1.806 0 1.806 0 3.612 0 0 0 1.806 1.806 1.806 0 0 1.806 0 1.806 0s1.806 0 1.806 0h3.612v5.418h-36.12z",
          "M2575.351 791.026l-3.612 9.030c0 0 0 1.806 0 3.612s0 1.806 0 3.612c0 0 0 1.806 0 1.806s0 1.806 1.806 1.806c0 0 1.806 0 1.806 0s1.806 0 1.806 0h3.612v5.418h-27.090v-5.418h1.806c0 0 1.806 0 1.806 0s1.806 0 1.806-1.806c0 0 1.806-1.806 1.806-1.806 0-1.806 1.806-1.806 1.806-3.612l21.672-59.598h14.448l21.672 59.598c0 1.806 1.806 1.806 1.806 3.612s1.806 1.806 1.806 1.806c0 0 1.806 1.806 1.806 1.806s1.806 0 1.806 0h1.806v5.418h-34.314v-5.418h3.612c0 0 1.806 0 1.806 0s1.806 0 1.806 0c0 0 0 0 1.806-1.806 0 0 0-1.806 0-1.806s0-1.806 0-1.806c0 0 0-1.806 0-1.806l-3.612-10.836h-25.284zM2593.411 769.354c0-1.806 0-1.806-1.806-3.612 0-1.806 0-1.806-1.806-3.612 0-1.806 0-1.806-1.806-3.612 0-1.806 0-1.806-1.806-3.612 0 1.806 0 1.806-1.806 3.612 0 1.806 0 1.806-1.806 3.612 0 1.806 0 1.806-1.806 3.612 0 1.806 0 1.806-1.806 3.612l-5.418 18.060h19.866l-0-18.060z",
          "M2728.861 778.384c0 5.418 0 10.836-1.806 16.254s-3.612 9.030-7.224 12.642c-3.612 3.612-7.224 5.418-10.836 7.224s-9.030 3.612-16.254 3.612h-34.314v-5.418h3.612c0 0 1.806 0 1.806 0s1.806 0 1.806-1.806c0 0 0-1.806 1.806-1.806 0 0 0-1.806 0-3.612v-48.762c0-1.806 0-1.806 0-3.612 0 0 0-1.806-1.806-1.806 0 0-1.806 0-1.806 0s-1.806 0-1.806 0h-3.612v-5.418h34.314c5.418 0 10.836 0 14.448 1.806s9.030 3.612 10.836 7.224c3.612 3.612 5.418 7.224 7.224 10.836 3.612 1.806 3.612 7.224 3.612 12.642zM2710.801 778.384c0-9.030-1.806-16.254-5.418-21.672s-9.030-7.224-16.254-7.224h-5.418v61.404h5.418c3.612 0 7.224 0 9.030-1.806s5.418-3.612 7.224-5.418c1.806-3.612 3.612-5.418 3.612-9.030 1.806-7.224 1.806-10.836 1.806-16.254z",
          "M2835.414 780.19c0 5.418 0 10.836-1.806 16.254s-3.612 9.030-7.224 12.642c-3.612 3.612-7.224 5.418-10.836 7.224s-9.030 3.612-14.448 3.612c-5.418 0-10.836-1.806-14.448-3.612s-7.224-3.612-10.836-7.224c-3.612-3.612-5.418-7.224-7.224-12.642s-1.806-9.030-1.806-16.254c0-5.418 0-10.836 1.806-16.254s3.612-9.030 7.224-12.642c3.612-3.612 7.224-5.418 10.836-7.224s9.030-1.806 14.448-1.806c5.418 0 10.836 0 14.448 1.806s7.224 3.612 10.836 7.224c3.612 3.612 5.418 7.224 7.224 12.642 0 3.612 1.806 9.030 1.806 16.254zM2783.041 780.19c0 5.418 0 9.030 1.806 12.642 0 3.612 1.806 7.224 3.612 9.030s3.612 5.418 5.418 5.418c1.806 1.806 5.418 1.806 7.224 1.806 3.612 0 5.418 0 7.224-1.806s3.612-3.612 5.418-5.418c1.806-1.806 1.806-5.418 3.612-9.030 0-3.612 0-9.030 0-12.642s0-9.030 0-12.642c0-3.612-1.806-7.224-3.612-9.030s-3.612-5.418-5.418-5.418c-1.806-1.806-5.418-1.806-7.224-1.806-3.612 0-5.418 0-9.030 1.806-1.806 1.806-3.612 3.612-5.418 5.418s-1.806 5.418-3.612 9.030c0 1.806 0 7.224 0 12.642z",
          "M2893.206 816.31c-5.418 0-9.030 0-10.836-1.806-3.612 0-5.418-1.806-7.224-3.612s-3.612-3.612-3.612-5.418c0-1.806-1.806-3.612-1.806-5.418s0-3.612 1.806-3.612c0-1.806 1.806-1.806 1.806-3.612 1.806 0 1.806-1.806 3.612-1.806s3.612 0 3.612 0c0 3.612 0 5.418 1.806 7.224 0 1.806 1.806 3.612 3.612 5.418s3.612 1.806 3.612 3.612c1.806 0 3.612 1.806 5.418 1.806s3.612 0 5.418 0c1.806 0 3.612-1.806 3.612-1.806 1.806-1.806 1.806-1.806 1.806-3.612s0-3.612 0-3.612 0-3.612-1.806-5.418c0-1.806-1.806-1.806-3.612-3.612s-3.612-1.806-5.418-3.612c-1.806-1.806-5.418-1.806-7.224-3.612-3.612-1.806-7.224-3.612-9.030-5.418s-3.612-3.612-5.418-5.418c-1.806-1.806-1.806-3.612-3.612-5.418 0-1.806-1.806-3.612-1.806-7.224s0-5.418 1.806-9.030c1.806-1.806 3.612-5.418 5.418-7.224s5.418-3.612 7.224-3.612c3.612-1.806 7.224-1.806 10.836-1.806s7.224 0 9.030 1.806c3.612 0 5.418 1.806 7.224 1.806 1.806 1.806 3.612 1.806 3.612 3.612s1.806 3.612 1.806 5.418c0 1.806 0 1.806 0 3.612s-1.806 1.806-1.806 1.806-1.806 1.806-3.612 1.806c-1.806 0-3.612 0-5.418 0 0-1.806 0-3.612 0-5.418s-1.806-3.612-1.806-5.418c0-1.806-1.806-1.806-3.612-3.612s-3.612-1.806-5.418-1.806c-1.806 0-1.806 0-3.612 0s-1.806 1.806-3.612 1.806c-1.806 0-1.806 1.806-1.806 3.612s0 1.806 0 3.612 0 3.612 0 3.612 1.806 1.806 1.806 3.612 3.612 1.806 5.418 3.612c1.806 1.806 5.418 1.806 9.030 3.612s7.224 3.612 9.030 3.612c1.806 1.806 3.612 3.612 5.418 5.418s3.612 3.612 3.612 5.418c0 1.806 1.806 3.612 1.806 7.224s0 5.418-1.806 9.030c-1.806 3.612-3.612 5.418-5.418 7.224s-5.418 3.612-9.030 5.418c-1.806 7.224-7.224 7.224-10.836 7.224z",
          "M220.332 803.668c-92.106-70.434-144.48-176.988-144.48-292.571 0-204.078 164.346-370.229 368.423-370.229 30.702 0 61.404 3.612 90.3 10.836 61.404-48.762 135.45-75.852 211.302-75.852v63.21c-149.898 0-270.899 122.808-270.899 270.899h-63.21c0-74.046 23.478-144.48 68.628-202.272l1.806-1.806h-1.806c-12.642-1.806-25.284-1.806-36.12-1.806-169.764 0-307.019 137.256-307.019 307.019 0 97.524 46.956 191.436 126.42 247.422l-43.344 45.15z",
          "M140.868 883.132c149.898 0 270.899-122.808 270.899-270.899h63.21c0 74.046-23.478 144.48-68.628 202.272l-1.806 1.806h1.806c12.642 1.806 25.284 1.806 36.12 1.806 169.764 0 307.019-137.256 307.019-307.019 0-99.33-48.762-191.436-128.226-249.228l45.15-45.15c93.912 70.434 146.286 178.794 146.286 294.377 0 204.078-166.152 370.229-370.229 370.229-30.702 0-61.404-3.612-90.3-10.836-61.404 48.762-135.45 75.852-211.302 75.852v-63.21z",
          "M559.859 608.621v-66.822h-294.377v-61.404h294.377v-66.822h61.404v195.048z"
        ],
        "attrs": [
          {},
          {},
          {},
          {},
          {},
          {},
          {},
          {},
          {},
          {},
          {},
          {},
          {},
          {},
          {},
          {},
          {},
          {},
          {},
          {},
          {},
          {},
          {},
          {},
          {},
          {},
          {},
          {},
          {},
          {},
          {},
          {},
          {},
          {},
          {},
          {},
          {}
        ],
        "width": 4096,
        "isMulticolor": false,
        "isMulticolor2": false,
        "grid": 32,
        "tags": [
          "logo"
        ]
      },
      "attrs": [
        {},
        {},
        {},
        {},
        {},
        {},
        {},
        {},
        {},
        {},
        {},
        {},
        {},
        {},
        {},
        {},
        {},
        {},
        {},
        {},
        {},
        {},
        {},
        {},
        {},
        {},
        {},
        {},
        {},
        {},
        {},
        {},
        {},
        {},
        {},
        {},
        {}
      ],
      "properties": {
        "order": 12,
        "id": 1,
        "name": "logo",
        "prevSize": 32,
        "code": 59650
      },
      "setIdx": 1,
      "setId": 3,
      "iconIdx": 6
    },
    {
      "icon": {
        "paths": [
          "M452.297 792.424c-202.629 0-369.074-166.445-369.074-369.074s166.445-369.074 369.074-369.074c202.629 0 369.074 166.445 369.074 369.074 0 206.247-162.827 369.074-369.074 369.074zM452.297 94.078c-184.537 0-332.89 148.353-332.89 332.89s148.353 332.89 332.89 332.89c184.537 0 332.89-148.353 332.89-332.89s-148.353-332.89-332.89-332.89z",
          "M922.686 969.724c-3.618 0-10.855 0-14.473-3.618l-249.668-249.668c-7.237-7.237-7.237-18.092 0-25.329s18.092-7.237 25.329 0l249.668 249.668c7.237 7.237 7.237 18.092 0 25.329-3.618 0-7.237 3.618-10.855 3.618z"
        ],
        "attrs": [
          {},
          {}
        ],
        "isMulticolor": false,
        "isMulticolor2": false,
        "grid": 32,
        "tags": [
          "search"
        ]
      },
      "attrs": [
        {},
        {}
      ],
      "properties": {
        "order": 13,
        "id": 0,
        "name": "search",
        "prevSize": 32,
        "code": 59651
      },
      "setIdx": 1,
      "setId": 3,
      "iconIdx": 7
    }
  ],
  "height": 1024,
  "metadata": {
    "name": "fernandes-silva-icons"
  },
  "preferences": {
    "showGlyphs": true,
    "showQuickUse": true,
    "showQuickUse2": true,
    "showSVGs": true,
    "fontPref": {
      "prefix": "icon-",
      "metadata": {
        "fontFamily": "fernandes-silva-icons",
        "majorVersion": 1,
        "minorVersion": 0
      },
      "metrics": {
        "emSize": 1024,
        "baseline": 6.25,
        "whitespace": 50
      },
      "embed": false
    },
    "imagePref": {
      "prefix": "icon-",
      "png": true,
      "useClassSelector": true,
      "color": 0,
      "bgColor": 16777215,
      "classSelector": ".icon"
    },
    "historySize": 50,
    "showCodes": true,
    "gridSize": 16,
    "showGrid": true
  }
}